{
  "lang": "en",
  "epoch": 2,
  "dev_acc": 0.917,
  "dev_macro_f1": 0.8985402752874886,
  "per_class_f1": {
    "sadness": 0.9433611884865367,
    "joy": 0.9359165424739195,
    "love": 0.8728179551122195,
    "anger": 0.9103214890016921,
    "fear": 0.8592592592592593,
    "surprise": 0.8695652173913043
  },
  "confusion_matrix": [
    [
      508,
      4,
      1,
      24,
      13,
      0
    ],
    [
      13,
      628,
      45,
      6,
      5,
      7
    ],
    [
      0,
      2,
      175,
      1,
      0,
      0
    ],
    [
      1,
      3,
      1,
      269,
      1,
      0
    ],
    [
      5,
      1,
      0,
      16,
      174,
      16
    ],
    [
      0,
      0,
      1,
      0,
      0,
      80
    ]
  ],
  "labels": [
    "sadness",
    "joy",
    "love",
    "anger",
    "fear",
    "surprise"
  ]
}