{
  "lang": "ko",
  "epoch": 2,
  "dev_acc": 0.8195286195286196,
  "dev_macro_f1": 0.7042947918572661,
  "per_class_f1": {
    "sadness": 0.6666666666666666,
    "joy": 0.841168996188056,
    "love": 0.6334841628959276,
    "anger": 0.9077238550922762,
    "fear": 0.5970149253731343,
    "surprise": 0.5797101449275363
  },
  "confusion_matrix": [
    [
      52,
      1,
      1,
      1,
      1,
      1
    ],
    [
      11,
      331,
      28,
      13,
      0,
      11
    ],
    [
      6,
      18,
      70,
      7,
      0,
      4
    ],
    [
      17,
      20,
      11,
      664,
      1,
      30
    ],
    [
      6,
      1,
      3,
      6,
      20,
      3
    ],
    [
      7,
      22,
      3,
      29,
      6,
      80
    ]
  ],
  "labels": [
    "sadness",
    "joy",
    "love",
    "anger",
    "fear",
    "surprise"
  ]
}