{
  "chrf_matrix": {
    "E0": {
      "continuation": 27.807378246760155,
      "full_poem": 42.30353639780447,
      "n": 12
    },
    "E1": {
      "continuation": 26.57229165320985,
      "full_poem": 41.18057319391222,
      "n": 12
    },
    "E2": {
      "continuation": 26.406475042617767,
      "full_poem": 40.96872859376515,
      "n": 12
    },
    "E3": {
      "continuation": 23.667741326861503,
      "full_poem": 39.27496703534594,
      "n": 12
    },
    "K0": {
      "continuation": 7.159251470592044,
      "full_poem": 25.267755420938098,
      "n": 47
    },
    "K1": {
      "continuation": 7.174496898004118,
      "full_poem": 25.069669954457382,
      "n": 47
    },
    "K2": {
      "continuation": 7.265816717426083,
      "full_poem": 25.583828440594196,
      "n": 47
    },
    "K3": {
      "continuation": 7.260697325247805,
      "full_poem": 25.45906334446691,
      "n": 47
    }
  },
  "paired": {
    "E1_vs_E0": {
      "n": 12,
      "mean_delta": -1.2350865935503033,
      "median_delta": -0.6629653336109307,
      "b_better": 5,
      "b_worse": 7
    },
    "E2_vs_E0": {
      "n": 12,
      "mean_delta": -1.400903204142389,
      "median_delta": -1.0075782721515179,
      "b_better": 4,
      "b_worse": 8
    },
    "E1_vs_E2": {
      "n": 12,
      "mean_delta": 0.16581661059208574,
      "median_delta": 0.03537029080239407,
      "b_better": 6,
      "b_worse": 6
    },
    "E3_vs_E0": {
      "n": 12,
      "mean_delta": -4.1396369198986545,
      "median_delta": -4.219122970140042,
      "b_better": 1,
      "b_worse": 11
    },
    "K1_vs_K0": {
      "n": 47,
      "mean_delta": 0.015245427412070566,
      "median_delta": -0.0026197129028171506,
      "b_better": 23,
      "b_worse": 24
    },
    "K1_vs_K2": {
      "n": 47,
      "mean_delta": -0.09131981942196706,
      "median_delta": -0.0448576339217901,
      "b_better": 22,
      "b_worse": 25
    },
    "K3_vs_K0": {
      "n": 47,
      "mean_delta": 0.1014458546557567,
      "median_delta": 0.17515386033875302,
      "b_better": 30,
      "b_worse": 17
    }
  },
  "classifier": {
    "en": {
      "dev_acc": 0.917,
      "dev_macro_f1": 0.8985402752874886,
      "per_class_f1": {
        "sadness": 0.9433611884865367,
        "joy": 0.9359165424739195,
        "love": 0.8728179551122195,
        "anger": 0.9103214890016921,
        "fear": 0.8592592592592593,
        "surprise": 0.8695652173913043
      },
      "confusion_matrix": [
        [
          508,
          4,
          1,
          24,
          13,
          0
        ],
        [
          13,
          628,
          45,
          6,
          5,
          7
        ],
        [
          0,
          2,
          175,
          1,
          0,
          0
        ],
        [
          1,
          3,
          1,
          269,
          1,
          0
        ],
        [
          5,
          1,
          0,
          16,
          174,
          16
        ],
        [
          0,
          0,
          1,
          0,
          0,
          80
        ]
      ]
    },
    "ko": {
      "dev_acc": 0.8195286195286196,
      "dev_macro_f1": 0.7042947918572661,
      "per_class_f1": {
        "sadness": 0.6666666666666666,
        "joy": 0.841168996188056,
        "love": 0.6334841628959276,
        "anger": 0.9077238550922762,
        "fear": 0.5970149253731343,
        "surprise": 0.5797101449275363
      },
      "confusion_matrix": [
        [
          52,
          1,
          1,
          1,
          1,
          1
        ],
        [
          11,
          331,
          28,
          13,
          0,
          11
        ],
        [
          6,
          18,
          70,
          7,
          0,
          4
        ],
        [
          17,
          20,
          11,
          664,
          1,
          30
        ],
        [
          6,
          1,
          3,
          6,
          20,
          3
        ],
        [
          7,
          22,
          3,
          29,
          6,
          80
        ]
      ]
    }
  },
  "emotion_label_distribution": {
    "en": {
      "n": 16000,
      "counts": {
        "sadness": 4666,
        "joy": 5362,
        "love": 1304,
        "anger": 2159,
        "fear": 1937,
        "surprise": 572
      }
    },
    "ko": {
      "n": 11880,
      "counts": {
        "sadness": 433,
        "joy": 3194,
        "love": 1038,
        "anger": 5773,
        "fear": 329,
        "surprise": 1113
      }
    }
  },
  "length": {
    "E0": {
      "hyp_chars_mean": 585,
      "hyp_lines_mean": 13.416666666666666,
      "ref_chars_mean": 486.25
    },
    "E1": {
      "hyp_chars_mean": 665.0833333333334,
      "hyp_lines_mean": 14.25,
      "ref_chars_mean": 486.25
    },
    "E2": {
      "hyp_chars_mean": 692.25,
      "hyp_lines_mean": 15.916666666666666,
      "ref_chars_mean": 486.25
    },
    "E3": {
      "hyp_chars_mean": 508.1666666666667,
      "hyp_lines_mean": 11.333333333333334,
      "ref_chars_mean": 486.25
    },
    "K0": {
      "hyp_chars_mean": 463.59574468085106,
      "hyp_lines_mean": 15.02127659574468,
      "ref_chars_mean": 286.29787234042556
    },
    "K1": {
      "hyp_chars_mean": 472.6170212765957,
      "hyp_lines_mean": 15.212765957446809,
      "ref_chars_mean": 286.29787234042556
    },
    "K2": {
      "hyp_chars_mean": 438.0851063829787,
      "hyp_lines_mean": 14.063829787234043,
      "ref_chars_mean": 286.29787234042556
    },
    "K3": {
      "hyp_chars_mean": 463.51063829787233,
      "hyp_lines_mean": 12.851063829787234,
      "ref_chars_mean": 286.29787234042556
    }
  },
  "tokenizer_length": {
    "en_gpt2": {
      "n_poems": 131,
      "tokens_per_poem_mean": 159.96946564885496,
      "chars_per_poem_mean": 610.3358778625955
    },
    "ko_kogpt2": {
      "n_poems": 368,
      "tokens_per_poem_mean": 167.57608695652175,
      "chars_per_poem_mean": 317.63315217391306
    }
  }
}