{
  "gen_file": "results/gen_K_r50_base.jsonl",
  "lang": "ko",
  "n_records": 47,
  "metrics": {
    "chrf": 7.048113226015666,
    "distinct1": 0.9191080404741163,
    "distinct2": 0.9980840977132904,
    "bertscore_f1": 0.6229076199497737,
    "traj_mse": 1.4574464322993186,
    "traj_corr": 0.03145837529069449,
    "volta_dist": 0.9858156028368794,
    "line_emotion_agreement": 0.2913918792215128
  }
}