{
  "gen_file": "results/gen_K_r50_avg.jsonl",
  "lang": "ko",
  "n_records": 47,
  "metrics": {
    "chrf": 7.294316265529263,
    "distinct1": 0.9339801196290473,
    "distinct2": 0.9987239648140778,
    "bertscore_f1": 0.6252956229744228,
    "traj_mse": 1.37060841878871,
    "traj_corr": 0.13556096327395517,
    "volta_dist": 1.3475177304964538,
    "line_emotion_agreement": 0.3167300939697356
  }
}