{
  "gen_file": "results/gen_K_r50_orc.jsonl",
  "lang": "ko",
  "n_records": 47,
  "metrics": {
    "chrf": 7.1707283479992965,
    "distinct1": 0.9273725033634719,
    "distinct2": 0.9985257037594495,
    "bertscore_f1": 0.6252831639127528,
    "traj_mse": 1.46635504201376,
    "traj_corr": 0.057435582146187644,
    "volta_dist": 1.0638297872340425,
    "line_emotion_agreement": 0.2851749413224283
  }
}