{
  "gen_file": "results/gen_K0.jsonl",
  "lang": "ko",
  "n_records": 47,
  "metrics": {
    "chrf": 7.13428645912721,
    "distinct1": 0.9139492727114529,
    "distinct2": 0.9972969985808151,
    "bertscore_f1": 0.6204320978611073,
    "traj_mse": 1.4815810215372167,
    "traj_corr": 0.02189110053945301,
    "volta_dist": 2.0851063829787235,
    "line_emotion_agreement": 0.3351988641824621
  }
}