{
  "gen_file": "results/gen_S_orc.jsonl",
  "lang": "ko",
  "n_records": 11,
  "metrics": {
    "chrf": 5.6450332561252985,
    "distinct1": 0.946528806887359,
    "distinct2": 0.998517058475744,
    "bertscore_f1": 0.604886658263929,
    "traj_mse": 1.373881673881674,
    "traj_corr": 0.09504287345765386,
    "volta_dist": 2.5757575757575757,
    "line_emotion_agreement": 0.34551837051837053
  }
}