{
  "gen_file": "results/gen_E_base.jsonl",
  "lang": "en",
  "n_records": 12,
  "metrics": {
    "chrf": 27.80737824676016,
    "distinct1": 0.5446953480685063,
    "distinct2": 0.8496228838426838,
    "bertscore_f1": 0.8325905071364509,
    "traj_mse": 1.67735147503005,
    "traj_corr": 0.01665082198049985,
    "volta_dist": 4.5
  }
}