{
  "gen_file": "results/gen_R3K_base.jsonl",
  "lang": "ko",
  "n_records": 11,
  "metrics": {
    "chrf": 6.278016469484243,
    "distinct1": 0.9136684756308523,
    "distinct2": 0.9988265225433367,
    "bertscore_f1": 0.6123263781720941,
    "traj_mse": 1.6418732782369145,
    "traj_corr": 0.15634794473268107,
    "volta_dist": 2.303030303030303,
    "line_emotion_agreement": 0.32552800734618914
  }
}