{
  "gen_file": "results/gen_K_r70_base.jsonl",
  "lang": "ko",
  "n_records": 47,
  "metrics": {
    "chrf": 5.59630183644826,
    "distinct1": 0.931681117606898,
    "distinct2": 0.9987080324868435,
    "bertscore_f1": 0.6061397729613257,
    "traj_mse": 1.5107176987916069,
    "traj_corr": 0.013842528400511254,
    "volta_dist": 1.375886524822695,
    "line_emotion_agreement": 0.3076687983742855
  }
}