{
  "gen_file": "results/gen_K_r30_avg.jsonl",
  "lang": "ko",
  "n_records": 47,
  "metrics": {
    "chrf": 7.587264436693358,
    "distinct1": 0.9407929115451551,
    "distinct2": 0.9984811423658273,
    "bertscore_f1": 0.6292284046504515,
    "traj_mse": 1.5789331259293713,
    "traj_corr": -0.008257958459629714,
    "volta_dist": 1.7163120567375887,
    "line_emotion_agreement": 0.2740943355305057
  }
}