{
  "gen_file": "results/gen_E0.jsonl",
  "lang": "en",
  "n_records": 12,
  "metrics": {
    "chrf": 27.1796492361738,
    "distinct1": 0.5676786635178656,
    "distinct2": 0.8653118033171343,
    "bertscore_f1": 0.8313096910715103,
    "traj_mse": 1.5511752479478091,
    "traj_corr": 0.1013067360382872,
    "volta_dist": 3.6666666666666665
  }
}