{
  "gen_file": "results/gen_K_r50_rnd.jsonl",
  "lang": "ko",
  "n_records": 47,
  "metrics": {
    "chrf": 7.2846878572287554,
    "distinct1": 0.9383764191691246,
    "distinct2": 0.9988957748171593,
    "bertscore_f1": 0.6231349372694678,
    "traj_mse": 1.5130406920440516,
    "traj_corr": 0.03979331058627197,
    "volta_dist": 1.2836879432624113,
    "line_emotion_agreement": 0.287370330267702
  }
}