{
  "gen_file": "results/gen_K_r70_avg.jsonl",
  "lang": "ko",
  "n_records": 47,
  "metrics": {
    "chrf": 5.865535759701782,
    "distinct1": 0.9448631568510661,
    "distinct2": 0.9993084847680617,
    "bertscore_f1": 0.6119560256917426,
    "traj_mse": 1.41933068901154,
    "traj_corr": 0.07090219202255742,
    "volta_dist": 1.5886524822695036,
    "line_emotion_agreement": 0.3085528677493963
  }
}