{
  "gen_file": "results/gen_K_orc.jsonl",
  "lang": "ko",
  "n_records": 47,
  "metrics": {
    "chrf": 7.129400426025802,
    "distinct1": 0.926671472259877,
    "distinct2": 0.9980572797287597,
    "bertscore_f1": 0.6254680389208152,
    "traj_mse": 1.4288189177145767,
    "traj_corr": 0.059890107762793736,
    "volta_dist": 1.6099290780141844,
    "line_emotion_agreement": 0.3140275051916248
  }
}