{
  "gen_file": "results/gen_R3_avg_r.jsonl",
  "lang": "en",
  "n_records": 11,
  "metrics": {
    "chrf": 26.478554172680216,
    "distinct1": 0.510711928706208,
    "distinct2": 0.7855647439457385,
    "bertscore_f1": 0.8271246082854993,
    "traj_mse": 1.9585960254578167,
    "traj_corr": -0.08980643337795727,
    "volta_dist": 4.575757575757576
  }
}