{
  "gen_file": "results/gen_K_r30_base.jsonl",
  "lang": "ko",
  "n_records": 47,
  "metrics": {
    "chrf": 7.565179320454154,
    "distinct1": 0.9196856639979115,
    "distinct2": 0.9983104693234415,
    "bertscore_f1": 0.6270246285918757,
    "traj_mse": 1.4870039287551309,
    "traj_corr": 0.03895392841970102,
    "volta_dist": 1.5319148936170213,
    "line_emotion_agreement": 0.3163813965580977
  }
}