{
  "gen_file": "results/gen_R3_avg_v.jsonl",
  "lang": "en",
  "n_records": 11,
  "metrics": {
    "chrf": 25.86076561406833,
    "distinct1": 0.4994864127860219,
    "distinct2": 0.7915036891406598,
    "bertscore_f1": 0.8283164988864552,
    "traj_mse": 1.9787484166657483,
    "traj_corr": -0.028185028109769153,
    "volta_dist": 2.9393939393939394
  }
}